name1,1493593069
name10,1493592894
name100,1
name101,1493586451
name102,1493586401
name103,1
name104,1
name105,1
name106,1
name107,1
name108,1
name109,1
name11,1
name110,1
name111,1
name112,1
name113,1
name114,1
name115,1
name116,1
name117,1
name118,1
name119,1
name12,1
name120,1
name121,1
name122,1
name123,1
name124,1
name125,1
name126,1
name127,1
name128,1
name129,1
name13,1
name130,1
name131,1
name132,1
name133,1
name134,1
name135,1
name136,1
name137,1
name138,1
name139,1
name14,1
name140,1
name141,1
name142,1
name143,1
name144,1
name145,1
name146,1
name147,1
name148,1
name149,1
name15,1
name150,1
name151,1
name152,1
name153,1
name154,1
name155,1
name156,1
name157,1
name158,1
name159,1
name16,1
name160,1
name161,1
name162,1
name163,1
name164,1
name165,1
name166,1
name167,1
name168,1
name169,1
name17,1
name170,1
name171,1
name172,1
name173,1
name174,1
name175,1
name176,1
name177,1
name178,1
name179,1
name18,1
name180,1
name181,1
name182,1
name183,1
name184,1
name185,1
name186,1
name187,1
name188,1
name189,1
name19,1
name190,1
name191,1
name192,1
name193,1
name194,1
name195,1
name196,1
name197,1
name198,1
name199,1
name2,1493502911
name20,1
name200,1
name201,1
name202,1
name203,1
name204,1
name205,1
name206,1
name207,1
name208,1
name209,1
name21,1
name210,1
name211,1
name212,1
name213,1
name214,1
name215,1
name216,1
name217,1
name218,1
name219,1
name22,1
name220,1
name221,1
name222,1
name223,1
name224,1
name225,1
name226,1
name227,1
name228,1
name229,1
name23,1
name230,1
name231,1
name232,1
name233,1
name234,1
name235,1
name236,1
name237,1
name238,1
name239,1
name24,1
name240,1
name241,1
name242,1
name243,1
name244,1
name245,1
name246,1
name247,1
name248,1
name249,1
name25,1
name250,1
name251,1
name252,1
name253,1
name254,1
name255,1
name256,1
name257,1
name258,1
name259,1
name26,1
name260,1
name261,1
name262,1
name263,1
name264,1
name265,1
name266,1
name267,1
name268,1
name269,1
name27,1
name270,1
name271,1
name272,1
name273,1
name274,1
name275,1
name276,1
name277,1
name278,1
name279,1
name28,1
name280,1
name281,1
name282,1
name283,1
name284,1
name285,1
name286,1
name287,1
name288,1
name289,1
name29,1
name290,1
name291,1
name292,1
name293,1
name294,1
name295,1
name296,1
name297,1
name298,1
name299,1
name3,1
name30,1
name300,1
name301,1
name302,1
name303,1
name304,1
name305,1
name306,1
name307,1
name308,1
name309,1
name31,1
name310,1
name311,1
name312,1
name313,1
name314,1
name315,1
name316,1
name317,1
name318,1
name319,1
name32,1
name320,1
name321,1
name322,1
name323,1
name324,1
name325,1
name326,1
name327,1
name328,1
name329,1
name33,1
name330,1
name331,1
name332,1
name333,1
name334,1
name335,1
name336,1
name337,1
name338,1
name339,1
name34,1
name340,1
name341,1
name342,1
name343,1
name344,1
name345,1
name346,1
name347,1
name348,1
name349,1
name35,1
name350,1
name351,1
name352,1
name353,1
name354,1
name355,1
name356,1
name357,1
name358,1
name359,1
name36,1
name360,1
name361,1
name362,1
name363,1
name364,1
name365,1
name366,1
name367,1
name368,1
name369,1
name37,1
name370,1
name371,1
name372,1
name373,1
name374,1
name375,1
name376,1
name377,1
name378,1
name379,1
name38,1
name380,1
name381,1
name382,1
name383,1
name384,1
name385,1
name386,1
name387,1
name388,1
name389,1
name39,1
name390,1
name391,1
name392,1
name393,1
name394,1
name395,1
name396,1
name397,1
name398,1
name399,1
name4,1
name40,1
name400,1
name401,1
name402,1
name403,1
name404,1
name405,1
name406,1
name407,1
name408,1
name409,1
name41,1
name410,1
name411,1
name412,1
name413,1
name414,1
name415,1
name416,1
name417,1
name418,1
name419,1
name42,1
name420,1
name421,1
name422,1
name423,1
name424,1
name425,1
name426,1
name427,1
name428,1
name429,1
name43,1
name430,1
name431,1
name432,1
name433,1
name434,1
name435,1
name436,1
name437,1
name438,1
name439,1
name44,1
name440,1
name441,1
name442,1
name443,1
name444,1
name445,1
name446,1
name447,1
name448,1
name449,1
name45,1
name450,1
name451,1
name452,1
name453,1
name454,1
name455,1
name456,1
name457,1
name458,1
name459,1
name46,1
name460,1
name461,1
name462,1
name463,1
name464,1
name465,1
name466,1
name467,1
name468,1
name469,1
name47,1
name470,1
name471,1
name472,1
name473,1
name474,1
name475,1
name476,1
name477,1
name478,1
name479,1
name48,1
name480,1
name481,1
name482,1
name483,1
name484,1
name485,1
name486,1
name487,1
name488,1
name489,1
name49,1
name490,1
name491,1
name492,1
name493,1
name494,1
name495,1
name496,1
name497,1
name498,1
name499,1
name5,1
name50,1
name500,1
name51,1
name52,1
name53,1
name54,1
name55,1
name56,1
name57,1
name58,1
name59,1
name6,1
name60,1
name61,1
name62,1
name63,1
name64,1
name65,1
name66,1
name67,1
name68,1
name69,1
name7,1
name70,1
name71,1
name72,1
name73,1
name74,1
name75,1
name76,1
name77,1
name78,1
name79,1
name8,1
name80,1
name81,1
name82,1
name83,1
name84,1
name85,1
name86,1
name87,1
name88,1
name89,1
name9,1
name90,1
name91,1
name92,1
name93,1
name94,1
name95,1
name96,1
name97,1
name98,1
name99,1
